,Formação Florestal,Silvicultura,Campo Alagável,Formação Campestre,Mosaico de Usos,Praia e Duna,Infraestrutura Urbana,Área Não Vegetada,Corpo d'Água,Soja,Arroz,Outras Lavoras,Cultura Perene,Restinga Florestal
Formação Florestal,25915.024506820104,1928.1403136657707,24.223446074757824,2031.8565242326924,3252.4575743857586,0.0,1.6097859733225135,16.174516208145256,6.669113318050413,266.6878762470964,2.912946046964548,54.34944071836486,0.38328237460059844,0.0
Silvicultura,481.4793189732718,6187.404029652381,0.6899082742810773,54.80937956788558,86.0852213352944,0.0,4.062793170766343,0.5365953244408378,1.3031600736420348,15.101325559263579,8.125586341532687,8.048929866612568,19.31743167987016,0.0
Campo Alagável,35.64526083785566,1.226503598721915,6033.784453912461,263.5449607753715,51.89643352092103,0.0,25.37329319855962,35.10866551341482,263.6982737252117,2.5296636723639496,0.2299694247603591,2.0697248228432317,102.25973754343967,74.12681124775574
Formação Campestre,3959.920181423543,160.44200200781052,99.50010444631536,17022.95007256114,7628.775727575391,0.0,423.9103063082619,183.51560095876653,40.014679908302476,2239.902197165897,40.70458818258356,491.59797366272755,372.3204986870213,0.30662589968047876
Mosaico de Usos,2322.307907705026,164.88807755317745,216.4012286994979,5431.1879045654005,11887.886130612162,0.0,316.66789789501445,168.33761892458284,133.99551816036922,962.0387602475021,46.530480276512655,613.7883946853983,369.0242702654562,372.9337504863823
Praia e Duna,0.0,0.0,0.0,0.07665647492011969,0.0,44.23078602890906,0.5365953244408378,0.7665647492011969,1.1498471238017953,0.0,0.0,0.0,0.0,0.0
Infraestrutura Urbana,0.15331294984023938,0.0,0.2299694247603591,10.578593538976518,0.6899082742810773,0.5365953244408378,5337.973631062535,2.45300719744383,0.5365953244408378,0.0,0.0,0.0,2.6063201472840696,0.0
Área Não Vegetada,11.805097137698432,3.2962284215651465,5.749235619008977,228.58960821179693,42.23771768098595,2.989602521884668,81.48583284008723,317.2811496943754,35.338634938175176,1.763098923162753,0.0,0.4599388495207182,21.69378240239387,14.334760810062383
Corpo d'Água,20.467278803671956,0.6132517993609575,188.4216153536542,26.523140322361414,45.5339461025511,0.30662589968047876,2.6063201472840696,12.26503598721915,8660.418567050363,1.456473023482274,0.6899082742810773,1.763098923162753,28.056269820763806,1.226503598721915
Soja,73.9734982979155,3.9094802209261044,4.216106120606583,232.34577548288277,1427.1135935878683,0.0,51.743120571080794,7.052395692651012,1.763098923162753,8256.668913646092,1963.9388874534666,2915.7056800616724,3.6028543212456254,19.010805780189685
Arroz,0.2299694247603591,0.0,19.394088154790282,104.17614941644266,1071.6575193832732,0.0,0.0,0.0,7.665647492011969,1808.096273940863,2136.415956023736,1421.5943273936198,0.8432212241213166,2.912946046964548
Outras Lavoras,45.45728962763098,10.885219438656996,39.478084583861644,437.0952199945225,2372.0579599281837,0.0,5.135983819648019,5.595922669168737,10.271967639296038,6894.100071940964,1531.213086529391,4736.986867688796,10.118654689455798,190.56799665141756
Cultura Perene,0.0,70.0640180769894,98.27360084759344,565.9547543352437,99.50010444631536,0.0,63.394904758938985,31.58246766708931,4.90601439488766,1.456473023482274,9.81202878977532,12.26503598721915,3261.043099576812,27.596330971243088
Restinga Florestal,0.0,0.0,7.895616916772328,0.2299694247603591,22.00040830207435,0.0,0.0,17.47767628178729,1.5331294984023938,2.989602521884668,1.3031600736420348,2.5296636723639496,7.58899101709185,599.453633875336
